runId,timestamp,harnessRevision,headlineBatch,caseId,domain,difficulty,riskTags,variant,condition,repetition,provider,model,reasoningEffort,rootMaxTokens,reviewerMaxTokens,expectedOracle,initialOracleStatus,finalOracleStatus,oracleUnavailable,candidateInjected,automaticReviewObserved,assistantReportStatus,durationMs,inputTokens,outputTokens,cacheReadTokens,cacheWriteTokens,rootInputTokens,rootOutputTokens,reviewerInputTokens,reviewerOutputTokens,reviewerCalls,correctionPasses,expectedFindings,matchedFindings,missedFindings,bugRecall,findingPrecision,gateBugRecall,gateFindingPrecision,falseBlock
2026-08-15T102659-670Z-calibration-47f943859bef,2026-08-15T102659Z,47f943859bef60e4160492346772ded9b24f765a,false,embedded-uart-timeout,embedded,,,fixed,treatment,1,deepseek-official,deepseek-v4-flash,off,8192,3072,pass,passed,passed,false,true,true,,49554,10000,5651,90752,0,10000,5651,0,0,0,0,0,[],[],null,null,null,null,false
2026-08-15T102803-502Z-calibration-47f943859bef,2026-08-15T102803Z,47f943859bef60e4160492346772ded9b24f765a,false,embedded-uart-timeout,embedded,,,fixed,control,1,deepseek-official,deepseek-v4-flash,off,8192,3072,pass,passed,passed,false,true,null,,43972,10094,4689,53120,0,10094,4689,0,0,0,0,0,[],[],null,null,null,null,null
2026-08-15T102859-184Z-calibration-47f943859bef,2026-08-15T102859Z,47f943859bef60e4160492346772ded9b24f765a,false,embedded-uart-timeout,embedded,,,buggy,treatment,1,deepseek-official,deepseek-v4-flash,off,8192,3072,fail,failed,passed,false,true,true,,29184,10641,2867,94080,0,10641,2867,0,0,0,0,1,[],"[""uart-unbounded-wait""]",0,null,null,null,null
2026-08-15T103102-736Z-calibration-47f943859bef,2026-08-15T103102Z,47f943859bef60e4160492346772ded9b24f765a,false,embedded-uart-timeout,embedded,,,buggy,treatment,1,deepseek-official,deepseek-v4-flash,off,8192,3072,fail,failed,failed,false,true,true,,262785,25417,30668,808448,0,19310,23937,6107,6731,4,1,1,[],"[""uart-unbounded-wait""]",0,0,null,null,null
2026-08-15T104006-513Z-calibration-47f943859bef,2026-08-15T104006Z,47f943859bef60e4160492346772ded9b24f765a,false,embedded-uart-timeout,embedded,,,buggy,treatment,1,deepseek-official,deepseek-v4-flash,off,8192,3072,fail,failed,failed,false,true,true,,47433,13098,5192,44544,0,10639,3334,2459,1858,1,0,1,"[""uart-unbounded-wait""]",[],1,1,null,null,null
2026-08-15T110036-743Z-calibration-47f943859bef,2026-08-15T110036Z,47f943859bef60e4160492346772ded9b24f765a,false,embedded-uart-timeout,embedded,,,buggy,control,1,deepseek-official,deepseek-v4-flash,off,8192,3072,fail,failed,failed,false,true,null,parsed,12683,8545,1052,25216,0,8545,1052,0,0,0,0,1,"[""uart-unbounded-wait""]",[],1,1,null,null,null
2026-08-15T110106-622Z-calibration-47f943859bef,2026-08-15T110106Z,47f943859bef60e4160492346772ded9b24f765a,false,embedded-uart-timeout,embedded,,,buggy,control,1,deepseek-official,deepseek-v4-flash,off,8192,3072,fail,failed,failed,false,true,null,parsed,12700,8619,994,25088,0,8619,994,0,0,0,0,1,"[""uart-unbounded-wait""]",[],1,1,null,null,null
2026-08-15T110106-622Z-calibration-47f943859bef,2026-08-15T110106Z,47f943859bef60e4160492346772ded9b24f765a,false,embedded-uart-timeout,embedded,,,buggy,treatment,1,deepseek-official,deepseek-v4-flash,off,8192,3072,fail,failed,failed,false,true,true,parsed,45811,12785,4528,72320,0,10465,2356,2320,2172,1,0,1,[],"[""uart-unbounded-wait""]",0,null,null,null,null
2026-08-15T110106-622Z-calibration-47f943859bef,2026-08-15T110106Z,47f943859bef60e4160492346772ded9b24f765a,false,embedded-uart-timeout,embedded,,,buggy,control,2,deepseek-official,deepseek-v4-flash,off,8192,3072,fail,failed,failed,false,true,null,parsed,13324,8473,1089,25344,0,8473,1089,0,0,0,0,1,"[""uart-unbounded-wait""]",[],1,1,null,null,null
2026-08-15T110106-622Z-calibration-47f943859bef,2026-08-15T110106Z,47f943859bef60e4160492346772ded9b24f765a,false,embedded-uart-timeout,embedded,,,buggy,treatment,2,deepseek-official,deepseek-v4-flash,off,8192,3072,fail,failed,failed,false,true,true,parsed,43254,11948,4098,34176,0,11705,2398,243,1700,1,0,1,"[""uart-unbounded-wait""]",[],1,1,null,null,null
2026-08-15T110106-622Z-calibration-47f943859bef,2026-08-15T110106Z,47f943859bef60e4160492346772ded9b24f765a,false,embedded-uart-timeout,embedded,,,buggy,control,3,deepseek-official,deepseek-v4-flash,off,8192,3072,fail,failed,failed,false,true,null,parsed,14192,8610,1081,25472,0,8610,1081,0,0,0,0,1,"[""uart-unbounded-wait""]",[],1,1,null,null,null
2026-08-15T110106-622Z-calibration-47f943859bef,2026-08-15T110106Z,47f943859bef60e4160492346772ded9b24f765a,false,embedded-uart-timeout,embedded,,,buggy,treatment,3,deepseek-official,deepseek-v4-flash,off,8192,3072,fail,failed,failed,false,true,true,parsed,24986,11586,1926,70784,0,10829,1391,757,535,1,0,1,[],"[""uart-unbounded-wait""]",0,null,null,null,null
2026-08-15T110547-928Z-calibration-47f943859bef,2026-08-15T110547Z,47f943859bef60e4160492346772ded9b24f765a,false,embedded-uart-timeout,embedded,,,buggy,treatment,1,deepseek-official,deepseek-v4-flash,off,8192,3072,fail,failed,failed,false,true,true,parsed,62658,12186,6032,93824,0,10257,2702,1929,3330,2,0,1,"[""uart-unbounded-wait""]",[],1,1,1,1,null
2026-08-15T110547-928Z-calibration-47f943859bef,2026-08-15T110547Z,47f943859bef60e4160492346772ded9b24f765a,false,embedded-uart-timeout,embedded,,,buggy,treatment,2,deepseek-official,deepseek-v4-flash,off,8192,3072,fail,failed,failed,false,true,true,parsed,44392,12088,4376,73088,0,11647,2761,441,1615,1,0,1,"[""uart-unbounded-wait""]",[],1,1,1,1,null
2026-08-15T110547-928Z-calibration-47f943859bef,2026-08-15T110547Z,47f943859bef60e4160492346772ded9b24f765a,false,embedded-uart-timeout,embedded,,,buggy,treatment,3,deepseek-official,deepseek-v4-flash,off,8192,3072,fail,failed,failed,false,true,true,parsed,84823,17006,8622,93824,0,12475,3167,4531,5455,3,0,1,"[""uart-unbounded-wait""]",[],1,1,1,0.5,null
2026-08-15T111150-697Z-calibration-47f943859bef,2026-08-15T111150Z,47f943859bef60e4160492346772ded9b24f765a,false,embedded-uart-timeout,embedded,,,buggy,treatment,1,,,off,8192,3072,fail,failed,failed,false,false,false,missing,2478,0,0,0,0,0,0,0,0,0,0,1,[],"[""uart-unbounded-wait""]",0,null,0,null,null
2026-08-15T111333-529Z-calibration-47f943859bef,2026-08-15T111333Z,47f943859bef60e4160492346772ded9b24f765a,false,embedded-uart-timeout,embedded,,,buggy,treatment,1,deepseek-official,deepseek-v4-flash,off,8192,3072,fail,failed,failed,false,true,true,parsed,57198,14771,6049,59136,0,11873,2501,2898,3548,1,0,1,"[""uart-unbounded-wait""]",[],1,1,1,0.3333333333333333,null
2026-08-15T112257-082Z-calibration-47f943859bef,2026-08-15T112257Z,47f943859bef60e4160492346772ded9b24f765a,false,embedded-uart-timeout,embedded,,,buggy,treatment,1,deepseek-official,deepseek-v4-flash,off,8192,3072,fail,failed,failed,false,true,true,parsed,47096,12560,4621,69888,0,9888,2469,2672,2152,1,0,1,"[""uart-unbounded-wait""]",[],1,1,1,1,null
2026-08-15T114908-759Z-calibration-47f943859bef,2026-08-15T114908Z,47f943859bef60e4160492346772ded9b24f765a,false,backend-resource-release,backend,standard,"[""resource-lifecycle"",""exception"",""cleanup""]",buggy,control,1,deepseek-official,deepseek-v4-flash,off,8192,3072,fail,failed,failed,false,true,null,parsed,13492,9054,1195,24832,0,9054,1195,0,0,0,0,1,"[""exception-path-handle-leak""]",[],1,1,null,null,null
2026-08-15T114908-759Z-calibration-47f943859bef,2026-08-15T114908Z,47f943859bef60e4160492346772ded9b24f765a,false,backend-resource-release,backend,standard,"[""resource-lifecycle"",""exception"",""cleanup""]",buggy,treatment,1,deepseek-official,deepseek-v4-flash,off,8192,3072,fail,failed,failed,false,true,true,parsed,18272,12266,1478,22144,0,10316,1298,1950,180,1,0,1,"[""exception-path-handle-leak""]",[],1,1,0,null,null
2026-08-15T114955-390Z-calibration-47f943859bef,2026-08-15T114955Z,47f943859bef60e4160492346772ded9b24f765a,false,backend-retry-idempotency,backend,combined,"[""retry"",""idempotency"",""partial-success""]",buggy,control,1,deepseek-official,deepseek-v4-flash,off,8192,3072,fail,failed,failed,false,true,null,parsed,15889,8586,1351,33920,0,8586,1351,0,0,0,0,1,[],"[""retry-duplicates-charge""]",0,0,null,null,null
2026-08-15T114955-390Z-calibration-47f943859bef,2026-08-15T114955Z,47f943859bef60e4160492346772ded9b24f765a,false,backend-retry-idempotency,backend,combined,"[""retry"",""idempotency"",""partial-success""]",buggy,treatment,1,deepseek-official,deepseek-v4-flash,off,8192,3072,fail,failed,failed,false,true,true,parsed,55208,14380,5398,76928,0,12601,3833,1779,1565,1,0,1,[],"[""retry-duplicates-charge""]",0,0,0,0,null
2026-08-15T115217-291Z-calibration-47f943859bef,2026-08-15T115217Z,47f943859bef60e4160492346772ded9b24f765a,false,hdl-expression-width,hdl,advanced,"[""expression-sizing"",""truncation"",""arithmetic""]",buggy,control,1,deepseek-official,deepseek-v4-flash,off,8192,3072,fail,oracle-unavailable,oracle-unavailable,true,true,null,parsed,16675,8450,1355,25472,0,8450,1355,0,0,0,0,1,[],"[""addition-width-truncation""]",0,null,null,null,null
2026-08-15T115217-291Z-calibration-47f943859bef,2026-08-15T115217Z,47f943859bef60e4160492346772ded9b24f765a,false,hdl-expression-width,hdl,advanced,"[""expression-sizing"",""truncation"",""arithmetic""]",buggy,treatment,1,deepseek-official,deepseek-v4-flash,off,8192,3072,fail,oracle-unavailable,oracle-unavailable,true,true,true,parsed,31085,10999,2660,49920,0,9227,953,1772,1707,1,0,1,[],"[""addition-width-truncation""]",0,null,0,null,null
2026-08-15T115416-728Z-calibration-47f943859bef,2026-08-15T115416Z,47f943859bef60e4160492346772ded9b24f765a,false,backend-retry-idempotency,backend,combined,"[""retry"",""idempotency"",""partial-success""]",buggy,control,1,deepseek-official,deepseek-v4-flash,off,8192,3072,fail,failed,failed,false,true,null,parsed,16761,8337,1450,25088,0,8337,1450,0,0,0,0,1,"[""retry-duplicates-charge""]",[],1,1,null,null,null
2026-08-15T115416-728Z-calibration-47f943859bef,2026-08-15T115416Z,47f943859bef60e4160492346772ded9b24f765a,false,backend-retry-idempotency,backend,combined,"[""retry"",""idempotency"",""partial-success""]",buggy,treatment,1,deepseek-official,deepseek-v4-flash,off,8192,3072,fail,failed,failed,false,true,true,parsed,39010,11159,3436,96512,0,10960,3321,199,115,1,0,1,"[""retry-duplicates-charge""]",[],1,1,0,null,null
2026-08-15T115528-403Z-calibration-47f943859bef,2026-08-15T115528Z,47f943859bef60e4160492346772ded9b24f765a,false,hdl-expression-width,hdl,advanced,"[""expression-sizing"",""truncation"",""arithmetic""]",buggy,control,1,deepseek-official,deepseek-v4-flash,off,8192,3072,fail,oracle-unavailable,oracle-unavailable,true,true,null,parsed,12308,8741,1024,25088,0,8741,1024,0,0,0,0,1,"[""addition-width-truncation""]",[],1,1,null,null,null
2026-08-15T115528-403Z-calibration-47f943859bef,2026-08-15T115528Z,47f943859bef60e4160492346772ded9b24f765a,false,hdl-expression-width,hdl,advanced,"[""expression-sizing"",""truncation"",""arithmetic""]",buggy,treatment,1,deepseek-official,deepseek-v4-flash,off,8192,3072,fail,oracle-unavailable,oracle-unavailable,true,true,true,parsed,30495,11282,2668,53248,0,9500,2521,1782,147,1,0,1,"[""addition-width-truncation""]",[],1,1,0,null,null
2026-08-15T120137-283Z-calibration-47f943859bef,2026-08-15T120137Z,47f943859bef60e4160492346772ded9b24f765a,false,backend-resource-release,backend,standard,"[""resource-lifecycle"",""exception"",""cleanup""]",buggy,control,1,deepseek-official,deepseek-v4-flash,off,8192,3072,fail,failed,failed,false,true,null,parsed,13861,8616,1032,24960,0,8616,1032,0,0,0,0,1,"[""exception-path-handle-leak""]",[],1,1,null,null,null
2026-08-15T120137-283Z-calibration-47f943859bef,2026-08-15T120137Z,47f943859bef60e4160492346772ded9b24f765a,false,backend-resource-release,backend,standard,"[""resource-lifecycle"",""exception"",""cleanup""]",buggy,treatment,1,deepseek-official,deepseek-v4-flash,off,8192,3072,fail,failed,failed,false,true,false,parsed,11526,8621,813,25344,0,8621,813,0,0,0,0,1,"[""exception-path-handle-leak""]",[],1,1,0,null,null
2026-08-15T120851-320Z-calibration-47f943859bef,2026-08-15T120851Z,47f943859bef60e4160492346772ded9b24f765a,false,backend-resource-release,backend,standard,"[""resource-lifecycle"",""exception"",""cleanup""]",buggy,control,1,deepseek-official,deepseek-v4-flash,off,8192,3072,fail,failed,failed,false,true,null,parsed,10084,8555,758,24960,0,8555,758,0,0,0,0,1,"[""exception-path-handle-leak""]",[],1,1,null,null,null
2026-08-15T120851-320Z-calibration-47f943859bef,2026-08-15T120851Z,47f943859bef60e4160492346772ded9b24f765a,false,backend-resource-release,backend,standard,"[""resource-lifecycle"",""exception"",""cleanup""]",buggy,treatment,1,deepseek-official,deepseek-v4-flash,off,8192,3072,fail,failed,failed,false,true,false,parsed,10460,8514,643,25344,0,8514,643,0,0,0,0,1,"[""exception-path-handle-leak""]",[],1,1,0,null,null
2026-08-15T121050-477Z-calibration-47f943859bef,2026-08-15T121050Z,47f943859bef60e4160492346772ded9b24f765a,false,backend-resource-release,backend,standard,"[""resource-lifecycle"",""exception"",""cleanup""]",buggy,control,1,deepseek-official,deepseek-v4-flash,off,8192,3072,fail,failed,failed,false,true,null,parsed,12447,8647,940,33792,0,8647,940,0,0,0,0,1,"[""exception-path-handle-leak""]",[],1,1,null,null,null
2026-08-15T121050-477Z-calibration-47f943859bef,2026-08-15T121050Z,47f943859bef60e4160492346772ded9b24f765a,false,backend-resource-release,backend,standard,"[""resource-lifecycle"",""exception"",""cleanup""]",buggy,treatment,1,deepseek-official,deepseek-v4-flash,off,8192,3072,fail,failed,failed,false,true,false,parsed,15076,8548,1248,25728,0,8548,1248,0,0,0,0,1,"[""exception-path-handle-leak""]",[],1,1,0,null,null
2026-08-15T121213-412Z-calibration-47f943859bef,2026-08-15T121213Z,47f943859bef60e4160492346772ded9b24f765a,false,backend-resource-release,backend,standard,"[""resource-lifecycle"",""exception"",""cleanup""]",buggy,control,1,deepseek-official,deepseek-v4-flash,off,8192,3072,fail,failed,failed,false,true,null,parsed,10837,8491,841,24960,0,8491,841,0,0,0,0,1,"[""exception-path-handle-leak""]",[],1,1,null,null,null
2026-08-15T121213-412Z-calibration-47f943859bef,2026-08-15T121213Z,47f943859bef60e4160492346772ded9b24f765a,false,backend-resource-release,backend,standard,"[""resource-lifecycle"",""exception"",""cleanup""]",buggy,treatment,1,deepseek-official,deepseek-v4-flash,off,8192,3072,fail,failed,failed,false,true,true,parsed,29169,10866,2772,44032,0,8616,1890,2250,882,1,0,1,"[""exception-path-handle-leak""]",[],1,1,1,1,null
2026-08-15T121302-260Z-calibration-47f943859bef,2026-08-15T121302Z,47f943859bef60e4160492346772ded9b24f765a,false,backend-retry-idempotency,backend,combined,"[""retry"",""idempotency"",""partial-success""]",buggy,control,1,deepseek-official,deepseek-v4-flash,off,8192,3072,fail,failed,failed,false,true,null,parsed,15044,8751,1177,33664,0,8751,1177,0,0,0,0,1,"[""retry-duplicates-charge""]",[],1,1,null,null,null
2026-08-15T121302-260Z-calibration-47f943859bef,2026-08-15T121302Z,47f943859bef60e4160492346772ded9b24f765a,false,backend-retry-idempotency,backend,combined,"[""retry"",""idempotency"",""partial-success""]",buggy,treatment,1,deepseek-official,deepseek-v4-flash,off,8192,3072,fail,failed,failed,false,true,true,parsed,35494,11568,3436,54656,0,8964,2561,2604,875,1,0,1,"[""retry-duplicates-charge""]",[],1,1,1,1,null
2026-08-15T121402-712Z-calibration-47f943859bef,2026-08-15T121402Z,47f943859bef60e4160492346772ded9b24f765a,false,hdl-expression-width,hdl,advanced,"[""expression-sizing"",""truncation"",""arithmetic""]",buggy,control,1,deepseek-official,deepseek-v4-flash,off,8192,3072,fail,oracle-unavailable,oracle-unavailable,true,true,null,parsed,11390,8717,799,24960,0,8717,799,0,0,0,0,1,"[""addition-width-truncation""]",[],1,1,null,null,null
2026-08-15T121402-712Z-calibration-47f943859bef,2026-08-15T121402Z,47f943859bef60e4160492346772ded9b24f765a,false,hdl-expression-width,hdl,advanced,"[""expression-sizing"",""truncation"",""arithmetic""]",buggy,treatment,1,deepseek-official,deepseek-v4-flash,off,8192,3072,fail,oracle-unavailable,oracle-unavailable,true,true,true,parsed,36891,11034,3818,44032,0,8774,1882,2260,1936,1,0,1,[],"[""addition-width-truncation""]",0,0,1,1,null
2026-08-15T121531-122Z-calibration-47f943859bef,2026-08-15T121531Z,47f943859bef60e4160492346772ded9b24f765a,false,hdl-expression-width,hdl,advanced,"[""expression-sizing"",""truncation"",""arithmetic""]",buggy,control,1,deepseek-official,deepseek-v4-flash,off,8192,3072,fail,oracle-unavailable,oracle-unavailable,true,true,null,parsed,19564,8680,1767,25600,0,8680,1767,0,0,0,0,1,"[""addition-width-truncation""]",[],1,1,null,null,null
2026-08-15T121531-122Z-calibration-47f943859bef,2026-08-15T121531Z,47f943859bef60e4160492346772ded9b24f765a,false,hdl-expression-width,hdl,advanced,"[""expression-sizing"",""truncation"",""arithmetic""]",buggy,treatment,1,deepseek-official,deepseek-v4-flash,off,8192,3072,fail,oracle-unavailable,oracle-unavailable,true,true,true,parsed,37627,11355,3576,67456,0,9203,1898,2152,1678,1,0,1,"[""addition-width-truncation""]",[],1,1,1,1,null
2026-08-15T123433-966Z-calibration-47f943859bef,2026-08-15T123433Z,47f943859bef60e4160492346772ded9b24f765a,false,backend-resource-release,backend,standard,"[""resource-lifecycle"",""exception"",""cleanup""]",fixed,control,1,deepseek-official,deepseek-v4-flash,off,8192,3072,pass,passed,passed,false,true,null,parsed,23820,8407,1974,16256,0,8407,1974,0,0,0,0,0,[],[],null,0,null,null,null
2026-08-15T123433-966Z-calibration-47f943859bef,2026-08-15T123433Z,47f943859bef60e4160492346772ded9b24f765a,false,backend-resource-release,backend,standard,"[""resource-lifecycle"",""exception"",""cleanup""]",fixed,treatment,1,deepseek-official,deepseek-v4-flash,off,8192,3072,pass,passed,passed,false,true,true,parsed,22240,10648,1792,30720,0,8581,955,2067,837,1,0,0,[],[],null,null,null,null,false
2026-08-15T123528-828Z-calibration-47f943859bef,2026-08-15T123528Z,47f943859bef60e4160492346772ded9b24f765a,false,backend-retry-idempotency,backend,combined,"[""retry"",""idempotency"",""partial-success""]",fixed,control,1,deepseek-official,deepseek-v4-flash,off,8192,3072,pass,passed,passed,false,true,null,parsed,23118,8465,2288,16256,0,8465,2288,0,0,0,0,0,[],[],null,0,null,null,null
2026-08-15T123528-828Z-calibration-47f943859bef,2026-08-15T123528Z,47f943859bef60e4160492346772ded9b24f765a,false,backend-retry-idempotency,backend,combined,"[""retry"",""idempotency"",""partial-success""]",fixed,treatment,1,deepseek-official,deepseek-v4-flash,off,8192,3072,pass,passed,passed,false,true,true,parsed,43222,11614,3812,40832,0,8679,2674,2935,1138,1,0,0,[],[],null,null,null,null,false
2026-08-15T123643-601Z-calibration-47f943859bef,2026-08-15T123643Z,47f943859bef60e4160492346772ded9b24f765a,false,hdl-expression-width,hdl,advanced,"[""expression-sizing"",""truncation"",""arithmetic""]",fixed,control,1,deepseek-official,deepseek-v4-flash,off,8192,3072,pass,oracle-unavailable,oracle-unavailable,true,true,null,parsed,23371,8444,2180,16256,0,8444,2180,0,0,0,0,0,[],[],null,null,null,null,null
2026-08-15T123643-601Z-calibration-47f943859bef,2026-08-15T123643Z,47f943859bef60e4160492346772ded9b24f765a,false,hdl-expression-width,hdl,advanced,"[""expression-sizing"",""truncation"",""arithmetic""]",fixed,treatment,1,deepseek-official,deepseek-v4-flash,off,8192,3072,pass,oracle-unavailable,oracle-unavailable,true,true,true,parsed,18816,10658,1487,21632,0,8534,527,2124,960,1,0,0,[],[],null,null,null,null,false
2026-08-15T123737-377Z-calibration-47f943859bef,2026-08-15T123737Z,47f943859bef60e4160492346772ded9b24f765a,false,embedded-uart-timeout,embedded,standard,"[""blocking"",""timeout"",""recovery""]",buggy,control,1,deepseek-official,deepseek-v4-flash,off,8192,3072,fail,failed,passed,false,true,null,not-requested,101530,14851,10878,253568,0,14851,10878,0,0,0,0,1,[],"[""uart-unbounded-wait""]",0,null,null,null,null
2026-08-15T123737-377Z-calibration-47f943859bef,2026-08-15T123737Z,47f943859bef60e4160492346772ded9b24f765a,false,embedded-uart-timeout,embedded,standard,"[""blocking"",""timeout"",""recovery""]",buggy,treatment,1,deepseek-official,deepseek-v4-flash,off,8192,3072,fail,failed,failed,false,true,true,not-requested,109697,13586,6540,169600,0,11638,5017,1948,1523,1,0,1,[],"[""uart-unbounded-wait""]",0,null,0,null,null
2026-08-15T124128-085Z-calibration-47f943859bef,2026-08-15T124128Z,47f943859bef60e4160492346772ded9b24f765a,false,backend-retry-idempotency,backend,combined,"[""retry"",""idempotency"",""partial-success""]",buggy,control,1,deepseek-official,deepseek-v4-flash,off,8192,3072,fail,failed,passed,false,true,null,not-requested,26316,11289,2375,105856,0,11289,2375,0,0,0,0,1,[],"[""retry-duplicates-charge""]",0,null,null,null,null
2026-08-15T124128-085Z-calibration-47f943859bef,2026-08-15T124128Z,47f943859bef60e4160492346772ded9b24f765a,false,backend-retry-idempotency,backend,combined,"[""retry"",""idempotency"",""partial-success""]",buggy,treatment,1,deepseek-official,deepseek-v4-flash,off,8192,3072,fail,failed,passed,false,true,true,not-requested,27641,10938,2583,71040,0,8967,2482,1971,101,1,0,1,[],"[""retry-duplicates-charge""]",0,null,0,null,null
2026-08-15T124831-821Z-calibration-47f943859bef,2026-08-15T124831Z,47f943859bef60e4160492346772ded9b24f765a,false,backend-resource-release,backend,standard,"[""resource-lifecycle"",""exception"",""cleanup""]",fixed,control,1,deepseek-official,deepseek-v4-flash,off,8192,3072,pass,passed,passed,false,true,null,parsed,23114,8431,699,25088,0,8431,699,0,0,0,0,0,[],[],null,null,null,null,false
2026-08-15T124831-821Z-calibration-47f943859bef,2026-08-15T124831Z,47f943859bef60e4160492346772ded9b24f765a,false,backend-resource-release,backend,standard,"[""resource-lifecycle"",""exception"",""cleanup""]",fixed,treatment,1,deepseek-official,deepseek-v4-flash,off,8192,3072,pass,passed,passed,false,true,true,parsed,11284,8858,468,23296,0,8514,363,344,105,1,0,0,[],[],null,null,null,null,false
2026-08-15T124916-122Z-calibration-47f943859bef,2026-08-15T124916Z,47f943859bef60e4160492346772ded9b24f765a,false,embedded-uart-timeout,embedded,standard,"[""blocking"",""timeout"",""recovery""]",buggy,control,1,deepseek-official,deepseek-v4-flash,off,8192,3072,fail,failed,passed,false,true,null,not-requested,103388,12745,11160,282240,0,12745,11160,0,0,0,0,0,[],[],null,null,null,null,null
2026-08-15T124916-122Z-calibration-47f943859bef,2026-08-15T124916Z,47f943859bef60e4160492346772ded9b24f765a,false,embedded-uart-timeout,embedded,standard,"[""blocking"",""timeout"",""recovery""]",buggy,treatment,1,deepseek-official,deepseek-v4-flash,off,8192,3072,fail,failed,passed,false,true,true,not-requested,46559,11309,4319,74496,0,9219,2266,2090,2053,1,0,0,[],[],null,null,null,null,null
2026-08-15T145652-242Z-calibration-23bbce1d5e08,2026-08-15T145652Z,23bbce1d5e0809632dc2d873bfd28f4d945048d3,true,embedded-uart-timeout,embedded,standard,"[""blocking"",""timeout"",""recovery""]",buggy,control,1,deepseek-official,deepseek-v4-flash,off,8192,3072,fail,failed,failed,false,true,null,parsed,18916,8761,1502,25216,0,8761,1502,0,0,0,0,1,"[""uart-unbounded-wait""]",[],1,1,null,null,null
2026-08-15T145652-242Z-calibration-23bbce1d5e08,2026-08-15T145652Z,23bbce1d5e0809632dc2d873bfd28f4d945048d3,true,embedded-uart-timeout,embedded,standard,"[""blocking"",""timeout"",""recovery""]",buggy,treatment,1,deepseek-official,deepseek-v4-flash,off,8192,3072,fail,failed,failed,false,true,true,parsed,39384,11822,4261,55424,0,9646,2709,2176,1552,1,0,1,"[""uart-unbounded-wait""]",[],1,1,1,1,null
2026-08-15T145652-242Z-calibration-23bbce1d5e08,2026-08-15T145652Z,23bbce1d5e0809632dc2d873bfd28f4d945048d3,true,embedded-uart-timeout,embedded,standard,"[""blocking"",""timeout"",""recovery""]",fixed,control,1,deepseek-official,deepseek-v4-flash,off,8192,3072,pass,passed,passed,false,true,null,parsed,29016,12463,2549,49024,0,12463,2549,0,0,0,0,0,[],[],null,null,null,null,false
2026-08-15T145652-242Z-calibration-23bbce1d5e08,2026-08-15T145652Z,23bbce1d5e0809632dc2d873bfd28f4d945048d3,true,embedded-uart-timeout,embedded,standard,"[""blocking"",""timeout"",""recovery""]",fixed,treatment,1,deepseek-official,deepseek-v4-flash,off,8192,3072,pass,passed,passed,false,true,true,parsed,66048,14398,7138,75264,0,12233,4392,2165,2746,1,0,0,[],[],null,null,null,null,false
2026-08-15T152817-996Z-calibration-23bbce1d5e08,2026-08-15T152817Z,23bbce1d5e0809632dc2d873bfd28f4d945048d3,true,embedded-uart-timeout,embedded,standard,"[""blocking"",""timeout"",""recovery""]",buggy,control,1,deepseek-official,deepseek-v4-flash,off,8192,3072,fail,failed,failed,false,true,null,parsed,17021,8708,1594,25600,0,8708,1594,0,0,0,0,1,"[""uart-unbounded-wait""]",[],1,1,null,null,null
2026-08-15T152817-996Z-calibration-23bbce1d5e08,2026-08-15T152817Z,23bbce1d5e0809632dc2d873bfd28f4d945048d3,true,embedded-uart-timeout,embedded,standard,"[""blocking"",""timeout"",""recovery""]",buggy,treatment,1,deepseek-official,deepseek-v4-flash,off,8192,3072,fail,failed,failed,false,true,true,parsed,43980,13751,4267,115840,0,13294,3136,457,1131,1,0,1,"[""uart-unbounded-wait""]",[],1,1,1,1,null
2026-08-15T152817-996Z-calibration-23bbce1d5e08,2026-08-15T152817Z,23bbce1d5e0809632dc2d873bfd28f4d945048d3,true,embedded-uart-timeout,embedded,standard,"[""blocking"",""timeout"",""recovery""]",fixed,control,1,deepseek-official,deepseek-v4-flash,off,8192,3072,pass,passed,passed,false,true,null,invalid,50629,8824,4782,29184,0,8824,4782,0,0,0,0,0,[],[],null,null,null,null,false
2026-08-15T152817-996Z-calibration-23bbce1d5e08,2026-08-15T152817Z,23bbce1d5e0809632dc2d873bfd28f4d945048d3,true,embedded-uart-timeout,embedded,standard,"[""blocking"",""timeout"",""recovery""]",fixed,treatment,1,deepseek-official,deepseek-v4-flash,off,8192,3072,pass,passed,passed,false,true,true,parsed,73251,13490,5818,118272,0,12390,3999,1100,1819,1,0,0,[],[],null,null,null,null,false
2026-08-15T153135-979Z-calibration-23bbce1d5e08,2026-08-15T153135Z,23bbce1d5e0809632dc2d873bfd28f4d945048d3,true,backend-retry-idempotency,backend,combined,"[""retry"",""idempotency"",""partial-success""]",buggy,control,1,deepseek-official,deepseek-v4-flash,off,8192,3072,fail,failed,failed,false,true,null,parsed,13103,8566,1044,25216,0,8566,1044,0,0,0,0,1,"[""retry-duplicates-charge""]",[],1,1,null,null,null
2026-08-15T153135-979Z-calibration-23bbce1d5e08,2026-08-15T153135Z,23bbce1d5e0809632dc2d873bfd28f4d945048d3,true,backend-retry-idempotency,backend,combined,"[""retry"",""idempotency"",""partial-success""]",buggy,treatment,1,deepseek-official,deepseek-v4-flash,off,8192,3072,fail,failed,failed,false,true,true,parsed,34960,10839,3714,57984,0,10467,2182,372,1532,1,0,1,"[""retry-duplicates-charge""]",[],1,1,1,1,null
2026-08-15T153135-979Z-calibration-23bbce1d5e08,2026-08-15T153135Z,23bbce1d5e0809632dc2d873bfd28f4d945048d3,true,backend-retry-idempotency,backend,combined,"[""retry"",""idempotency"",""partial-success""]",fixed,control,1,deepseek-official,deepseek-v4-flash,off,8192,3072,pass,passed,passed,false,true,null,parsed,51466,8447,5183,16256,0,8447,5183,0,0,0,0,0,[],[],null,0,null,null,true
2026-08-15T153135-979Z-calibration-23bbce1d5e08,2026-08-15T153135Z,23bbce1d5e0809632dc2d873bfd28f4d945048d3,true,backend-retry-idempotency,backend,combined,"[""retry"",""idempotency"",""partial-success""]",fixed,treatment,1,deepseek-official,deepseek-v4-flash,off,8192,3072,pass,passed,passed,false,true,true,parsed,21552,10818,1842,41344,0,10477,1798,341,44,1,0,0,[],[],null,null,null,null,false
2026-08-15T153344-646Z-calibration-23bbce1d5e08,2026-08-15T153344Z,23bbce1d5e0809632dc2d873bfd28f4d945048d3,true,hdl-expression-width,hdl,advanced,"[""expression-sizing"",""truncation"",""arithmetic""]",buggy,control,1,deepseek-official,deepseek-v4-flash,off,8192,3072,fail,failed,failed,false,true,null,parsed,16947,8770,1089,25088,0,8770,1089,0,0,0,0,1,"[""addition-width-truncation""]",[],1,1,null,null,null
2026-08-15T153344-646Z-calibration-23bbce1d5e08,2026-08-15T153344Z,23bbce1d5e0809632dc2d873bfd28f4d945048d3,true,hdl-expression-width,hdl,advanced,"[""expression-sizing"",""truncation"",""arithmetic""]",buggy,treatment,1,deepseek-official,deepseek-v4-flash,off,8192,3072,fail,failed,failed,false,true,true,parsed,38463,9172,3904,43264,0,8956,1963,216,1941,1,0,1,"[""addition-width-truncation""]",[],1,1,1,1,null
2026-08-15T153344-646Z-calibration-23bbce1d5e08,2026-08-15T153344Z,23bbce1d5e0809632dc2d873bfd28f4d945048d3,true,hdl-expression-width,hdl,advanced,"[""expression-sizing"",""truncation"",""arithmetic""]",fixed,control,1,deepseek-official,deepseek-v4-flash,off,8192,3072,pass,passed,passed,false,true,null,parsed,23346,8485,1778,26112,0,8485,1778,0,0,0,0,0,[],[],null,null,null,null,false
2026-08-15T153344-646Z-calibration-23bbce1d5e08,2026-08-15T153344Z,23bbce1d5e0809632dc2d873bfd28f4d945048d3,true,hdl-expression-width,hdl,advanced,"[""expression-sizing"",""truncation"",""arithmetic""]",fixed,treatment,1,deepseek-official,deepseek-v4-flash,off,8192,3072,pass,passed,passed,false,true,true,parsed,27293,9717,2672,38400,0,9246,1779,471,893,1,0,0,[],[],null,null,null,null,false
2026-08-15T153825-336Z-calibration-23bbce1d5e08,2026-08-15T153825Z,23bbce1d5e0809632dc2d873bfd28f4d945048d3,true,embedded-dma-buffer-lifetime,embedded,combined,"[""dma"",""ownership"",""lifetime"",""reentrancy""]",buggy,control,1,deepseek-official,deepseek-v4-flash,off,8192,3072,fail,failed,failed,false,true,null,parsed,19962,8621,1921,16384,0,8621,1921,0,0,0,0,1,"[""dma-stack-lifetime""]",[],1,0.5,null,null,null
2026-08-15T153825-336Z-calibration-23bbce1d5e08,2026-08-15T153825Z,23bbce1d5e0809632dc2d873bfd28f4d945048d3,true,embedded-dma-buffer-lifetime,embedded,combined,"[""dma"",""ownership"",""lifetime"",""reentrancy""]",buggy,treatment,1,deepseek-official,deepseek-v4-flash,off,8192,3072,fail,failed,failed,false,true,true,parsed,28251,12878,2431,32640,0,10674,2238,2204,193,1,0,1,"[""dma-stack-lifetime""]",[],1,0.5,0,null,null
2026-08-15T153825-336Z-calibration-23bbce1d5e08,2026-08-15T153825Z,23bbce1d5e0809632dc2d873bfd28f4d945048d3,true,embedded-dma-buffer-lifetime,embedded,combined,"[""dma"",""ownership"",""lifetime"",""reentrancy""]",fixed,control,1,deepseek-official,deepseek-v4-flash,off,8192,3072,pass,passed,passed,false,true,null,parsed,33750,8952,3541,39808,0,8952,3541,0,0,0,0,0,[],[],null,0,null,null,true
2026-08-15T153825-336Z-calibration-23bbce1d5e08,2026-08-15T153825Z,23bbce1d5e0809632dc2d873bfd28f4d945048d3,true,embedded-dma-buffer-lifetime,embedded,combined,"[""dma"",""ownership"",""lifetime"",""reentrancy""]",fixed,treatment,1,deepseek-official,deepseek-v4-flash,off,8192,3072,pass,passed,passed,false,true,true,parsed,89907,13346,10111,75136,0,11073,6884,2273,3227,1,0,0,[],[],null,0,null,null,false
2026-08-15T154124-283Z-calibration-23bbce1d5e08,2026-08-15T154124Z,23bbce1d5e0809632dc2d873bfd28f4d945048d3,true,hdl-clock-domain-crossing,hdl,combined,"[""cdc"",""metastability"",""latency""]",buggy,control,1,deepseek-official,deepseek-v4-flash,off,8192,3072,fail,failed,failed,false,true,null,parsed,12491,8571,931,24960,0,8571,931,0,0,0,0,1,"[""direct-clock-domain-crossing""]",[],1,1,null,null,null
2026-08-15T154124-283Z-calibration-23bbce1d5e08,2026-08-15T154124Z,23bbce1d5e0809632dc2d873bfd28f4d945048d3,true,hdl-clock-domain-crossing,hdl,combined,"[""cdc"",""metastability"",""latency""]",buggy,treatment,1,deepseek-official,deepseek-v4-flash,off,8192,3072,fail,failed,failed,false,true,true,parsed,33182,11189,3363,40576,0,9007,1389,2182,1974,1,0,1,"[""direct-clock-domain-crossing""]",[],1,1,1,1,null
2026-08-15T154124-283Z-calibration-23bbce1d5e08,2026-08-15T154124Z,23bbce1d5e0809632dc2d873bfd28f4d945048d3,true,hdl-clock-domain-crossing,hdl,combined,"[""cdc"",""metastability"",""latency""]",fixed,control,1,deepseek-official,deepseek-v4-flash,off,8192,3072,pass,passed,passed,false,true,null,parsed,6997,8424,281,16256,0,8424,281,0,0,0,0,0,[],[],null,null,null,null,false
2026-08-15T154124-283Z-calibration-23bbce1d5e08,2026-08-15T154124Z,23bbce1d5e0809632dc2d873bfd28f4d945048d3,true,hdl-clock-domain-crossing,hdl,combined,"[""cdc"",""metastability"",""latency""]",fixed,treatment,1,deepseek-official,deepseek-v4-flash,off,8192,3072,pass,passed,passed,false,true,true,parsed,31608,12509,3086,43136,0,10430,1382,2079,1704,1,0,0,[],[],null,null,null,null,false
2026-08-15T154257-397Z-calibration-23bbce1d5e08,2026-08-15T154257Z,23bbce1d5e0809632dc2d873bfd28f4d945048d3,true,embedded-isr-event-loss,embedded,standard,"[""interrupts"",""atomicity"",""lost-update""]",buggy,control,1,deepseek-official,deepseek-v4-flash,off,8192,3072,fail,failed,failed,false,true,null,parsed,19251,8623,1903,16256,0,8623,1903,0,0,0,0,1,"[""isr-event-lost-update""]",[],1,1,null,null,null
2026-08-15T154257-397Z-calibration-23bbce1d5e08,2026-08-15T154257Z,23bbce1d5e0809632dc2d873bfd28f4d945048d3,true,embedded-isr-event-loss,embedded,standard,"[""interrupts"",""atomicity"",""lost-update""]",buggy,treatment,1,deepseek-official,deepseek-v4-flash,off,8192,3072,fail,failed,failed,false,true,true,parsed,54105,11800,5801,72832,0,9580,2860,2220,2941,1,0,1,"[""isr-event-lost-update""]",[],1,1,1,1,null
2026-08-15T154257-397Z-calibration-23bbce1d5e08,2026-08-15T154257Z,23bbce1d5e0809632dc2d873bfd28f4d945048d3,true,embedded-isr-event-loss,embedded,standard,"[""interrupts"",""atomicity"",""lost-update""]",fixed,control,1,deepseek-official,deepseek-v4-flash,off,8192,3072,pass,passed,passed,false,true,null,parsed,32113,8575,3140,16384,0,8575,3140,0,0,0,0,0,[],[],null,0,null,null,true
2026-08-15T154257-397Z-calibration-23bbce1d5e08,2026-08-15T154257Z,23bbce1d5e0809632dc2d873bfd28f4d945048d3,true,embedded-isr-event-loss,embedded,standard,"[""interrupts"",""atomicity"",""lost-update""]",fixed,treatment,1,deepseek-official,deepseek-v4-flash,off,8192,3072,pass,passed,passed,false,true,true,parsed,37316,11467,3622,31488,0,9290,1572,2177,2050,1,0,0,[],[],null,null,null,null,false